id,personalNumber,fullName,password,status,archived,hireDate,lastActivityDate
emp_1,1001,Иванов Иван Иванович,pass1001,active,FALSE,2020-03-15,2024-01-15
emp_2,1002,Петров Пётр Сергеевич,pass1002,active,FALSE,2019-07-01,2024-01-15
emp_3,1003,Сидорова Анна Михайловна,pass1003,active,FALSE,2021-02-10,2024-01-14
emp_4,1004,Козлов Дмитрий Алексеевич,pass1004,active,FALSE,2018-11-20,2024-01-15
emp_5,1005,Морозова Елена Владимировна,pass1005,active,FALSE,2022-05-03,2024-01-15
emp_6,1006,Волков Андрей Николаевич,pass1006,inactive,FALSE,2020-08-12,2024-01-08
emp_7,1007,Соловьёва Мария Петровна,pass1007,active,FALSE,2021-09-25,2024-01-15
emp_8,1008,Лебедев Сергей Викторович,pass1008,active,FALSE,2019-04-18,2024-01-14
emp_9,1009,Новикова Ольга Дмитриевна,pass1009,inactive,FALSE,2020-01-30,2024-01-02
emp_10,1010,Попов Алексей Игоревич,pass1010,active,FALSE,2022-11-15,2024-01-15
emp_11,1011,Васильева Татьяна Андреевна,pass1011,active,FALSE,2021-06-07,2024-01-15
emp_12,1012,Михайлов Константин Олегович,pass1012,active,FALSE,2019-12-01,2024-01-13
emp_13,1013,Фёдорова Наталья Сергеевна,pass1013,active,FALSE,2020-07-22,2024-01-15
emp_14,1014,Николаев Роман Павлович,pass1014,fired,FALSE,2018-03-10,2023-12-20
emp_15,1015,Кузнецова Ирина Валерьевна,pass1015,active,FALSE,2022-02-14,2024-01-15
emp_16,1016,Орлов Максим Дмитриевич,pass1016,active,FALSE,2021-04-30,2024-01-14
emp_17,1017,Макарова Светлана Юрьевна,pass1017,active,FALSE,2020-10-05,2024-01-15
emp_18,1018,Андреев Виктор Анатольевич,pass1018,blocked,FALSE,2019-08-17,2024-01-05
emp_19,1019,Ковалёва Юлия Александровна,pass1019,active,FALSE,2022-07-19,2024-01-15
emp_20,1020,Григорьев Павел Владимирович,pass1020,active,FALSE,2021-01-11,2024-01-14
emp_21,1021,Белова Екатерина Романовна,pass1021,active,FALSE,2020-05-28,2024-01-15
emp_22,1022,Тарасов Денис Сергеевич,pass1022,active,FALSE,2019-09-14,2024-01-13
emp_23,1023,Комарова Людмила Ивановна,pass1023,active,FALSE,2022-03-22,2024-01-15
emp_24,1024,Жуков Артём Олегович,pass1024,active,FALSE,2021-08-09,2024-01-14
emp_25,1025,Дмитриева Вера Михайловна,pass1025,inactive,FALSE,2020-12-03,2024-01-07
emp_26,1026,Гусев Илья Андреевич,pass1026,active,FALSE,2019-06-25,2024-01-15
emp_27,1027,Антонова Полина Дмитриевна,pass1027,active,FALSE,2022-09-18,2024-01-15
emp_28,1028,Баранов Олег Викторович,pass1028,active,FALSE,2021-11-02,2024-01-14
emp_29,1029,Щербакова Надежда Петровна,pass1029,active,FALSE,2020-04-16,2024-01-15
emp_30,1030,Титов Глеб Максимович,pass1030,active,FALSE,2022-01-27,2024-01-15
