id,fromId,toId,text,date,read
msg_1,admin,emp_1,"Иван, проверьте остатки расходных материалов",2024-01-14T10:30,TRUE
msg_2,emp_1,admin,"Принял к сведению, проверю",2024-01-14T11:15,TRUE
msg_3,admin,emp_3,"Сидорова А.М., нужно сдать отчёт до пятницы",2024-01-15T09:00,TRUE
msg_4,emp_5,admin,Нужны дополнительные расходные материалы,2024-01-15T08:45,FALSE
msg_5,storekeeper,emp_5,"Принято, подготовлю к выдаче",2024-01-15T09:30,TRUE
msg_6,admin,emp_9,"Новикова О.Д., уточните статус",2024-01-10T14:00,TRUE
msg_7,emp_7,admin,"Заканчиваются расходники, нужно пополнение",2024-01-15T11:20,FALSE
msg_8,emp_3,admin,"Отчёт подготовлю к четвергу, всё по пациентам внесено",2024-01-15T09:30,FALSE
msg_9,storekeeper,admin,Обновил цены в системе,2024-01-15T10:00,FALSE
msg_10,emp_10,admin,У пациента Козлова А.П. возникла реакция на препарат,2024-01-15T10:45,FALSE
