id,fullName,birthDate,employeeId,visitDate
pat_1,Смирнов Алексей Петрович,1985-05-12,emp_1,2026-08-15
pat_2,Кузнецова Мария Ивановна,1978-09-23,emp_2,2026-08-14
pat_3,Попов Виктор Сергеевич,1992-03-05,emp_3,2026-08-13
pat_4,Васильева Ольга Николаевна,1965-11-17,emp_1,2026-08-12
pat_5,Соколов Дмитрий Андреевич,1988-07-28,emp_2,2026-08-11
pat_6,Михайлова Елена Викторовна,1975-02-09,emp_3,2026-08-10
pat_7,Новиков Сергей Павлович,1982-12-14,emp_1,2026-08-09
pat_8,Фёдорова Татьяна Дмитриевна,1970-06-30,emp_2,2026-08-08
pat_9,Морозов Андрей Олегович,1995-04-21,emp_3,2026-08-07
pat_10,Волкова Наталья Юрьевна,1968-10-08,emp_1,2026-08-06
