id,nomenclatureId,price,changeDate,changedBy
ph_1,nom_1,45,2023-06-01,admin
ph_2,nom_2,85,2023-06-01,admin
ph_3,nom_3,120,2023-06-01,admin
ph_4,nom_4,180,2023-06-01,admin
ph_5,nom_5,35,2023-06-01,admin
ph_6,nom_6,55,2023-06-01,admin
ph_7,nom_7,65,2023-06-01,admin
ph_8,nom_8,320,2023-06-01,admin
ph_9,nom_9,25,2023-06-01,admin
ph_10,nom_10,45,2023-06-01,admin
ph_21,nom_21,12,2023-06-01,admin
ph_22,nom_22,15,2023-06-01,admin
ph_23,nom_23,18,2023-06-01,admin
ph_24,nom_24,45,2023-06-01,admin
ph_25,nom_25,85,2023-06-01,admin
ph_28,nom_28,5,2023-06-01,admin
ph_29,nom_29,15,2023-06-01,admin
